Id no.,Type,Sentence,Bag_of_Words
1,Ambiguous,The payment should be made at the earliest.,"{'the': 2, 'payment': 1, 'should': 1, 'be': 1, 'made': 1, 'at': 1, 'earliest': 1}"
2,Ambiguous,You must respond within a reasonable time.,"{'you': 1, 'must': 1, 'respond': 1, 'within': 1, 'a': 1, 'reasonable': 1, 'time': 1}"
3,Ambiguous,The tenant must maintain the premises from time to time.,"{'the': 2, 'tenant': 1, 'must': 1, 'maintain': 1, 'premises': 1, 'from': 1, 'time': 2, 'to': 1}"
4,Ambiguous,The employee may be called upon to work extended hours whenever required.,"{'the': 1, 'employee': 1, 'may': 1, 'be': 1, 'called': 1, 'upon': 1, 'to': 1, 'work': 1, 'extended': 1, 'hours': 1, 'whenever': 1, 'required': 1}"
5,Ambiguous,The matter will be reviewed by the concerned authority.,"{'the': 2, 'matter': 1, 'will': 1, 'be': 1, 'reviewed': 1, 'by': 1, 'concerned': 1, 'authority': 1}"
6,Ambiguous,Action will be taken by the appropriate officer.,"{'action': 1, 'will': 1, 'be': 1, 'taken': 1, 'by': 1, 'the': 1, 'appropriate': 1, 'officer': 1}"
7,Ambiguous,The contractor shall provide adequate safety measures.,"{'the': 1, 'contractor': 1, 'shall': 1, 'provide': 1, 'adequate': 1, 'safety': 1, 'measures': 1}"
8,Ambiguous,You are expected to ensure proper compliance.,"{'you': 1, 'are': 1, 'expected': 1, 'to': 1, 'ensure': 1, 'proper': 1, 'compliance': 1}"
9,Ambiguous,The employee should maintain a satisfactory performance level.,"{'the': 1, 'employee': 1, 'should': 1, 'maintain': 1, 'a': 1, 'satisfactory': 1, 'performance': 1, 'level': 1}"
10,Ambiguous,The vendor must take necessary precautions.,"{'the': 1, 'vendor': 1, 'must': 1, 'take': 1, 'necessary': 1, 'precautions': 1}"
11,Ambiguous,The student may be allowed to appear for exams under special conditions.,"{'the': 1, 'student': 1, 'may': 1, 'be': 1, 'allowed': 1, 'to': 1, 'appear': 1, 'for': 1, 'exams': 1, 'under': 1, 'special': 1, 'conditions': 1}"
12,Ambiguous,The authority may impose penalties as it thinks fit.,"{'the': 1, 'authority': 1, 'may': 1, 'impose': 1, 'penalties': 1, 'as': 1, 'it': 1, 'thinks': 1, 'fit': 1}"
13,Ambiguous,Students must avoid any inappropriate behaviour.,"{'students': 1, 'must': 1, 'avoid': 1, 'any': 1, 'inappropriate': 1, 'behaviour': 1}"
14,Ambiguous,You may be allowed to submit the assignment later under valid reasons.,"{'you': 1, 'may': 1, 'be': 1, 'allowed': 1, 'to': 1, 'submit': 1, 'the': 1, 'assignment': 1, 'later': 1, 'under': 1, 'valid': 1, 'reasons': 1}"
15,Ambiguous,The administration may take disciplinary action if necessary.,"{'the': 1, 'administration': 1, 'may': 1, 'take': 1, 'disciplinary': 1, 'action': 1, 'if': 1, 'necessary': 1}"
16,Ambiguous,Staff must follow proper procedure.,"{'staff': 1, 'must': 1, 'follow': 1, 'proper': 1, 'procedure': 1}"
17,Ambiguous,"In case of misconduct, suitable action will be taken.","{'in': 1, 'case': 1, 'of': 1, 'misconduct': 1, 'suitable': 1, 'action': 1, 'will': 1, 'be': 1, 'taken': 1}"
18,Ambiguous,Your salary revision will occur periodically.,"{'your': 1, 'salary': 1, 'revision': 1, 'will': 1, 'occur': 1, 'periodically': 1}"
19,Ambiguous,You should be available beyond normal working hours when required.,"{'you': 1, 'should': 1, 'be': 1, 'available': 1, 'beyond': 1, 'normal': 1, 'working': 1, 'hours': 1, 'when': 1, 'required': 1}"
20,Ambiguous,Citizens are advised to follow all safety guidelines.,"{'citizens': 1, 'are': 1, 'advised': 1, 'to': 1, 'follow': 1, 'all': 1, 'safety': 1, 'guidelines': 1}"
21,Ambiguous,Strict action will be taken against violators.,"{'strict': 1, 'action': 1, 'will': 1, 'be': 1, 'taken': 1, 'against': 1, 'violators': 1}"
22,Ambiguous,Applications may be considered on merit.,"{'applications': 1, 'may': 1, 'be': 1, 'considered': 1, 'on': 1, 'merit': 1}"
23,Ambiguous,Applicants must submit the form at the earliest.,"{'applicants': 1, 'must': 1, 'submit': 1, 'the': 2, 'form': 1, 'at': 1, 'earliest': 1}"
24,Ambiguous,The department may take further steps as deemed appropriate.,"{'the': 1, 'department': 1, 'may': 1, 'take': 1, 'further': 1, 'steps': 1, 'as': 1, 'deemed': 1, 'appropriate': 1}"
25,Ambiguous,Citizens are required to maintain proper conduct at all times.,"{'citizens': 1, 'are': 1, 'required': 1, 'to': 1, 'maintain': 1, 'proper': 1, 'conduct': 1, 'at': 1, 'all': 1, 'times': 1}"
26,Ambiguous,The inspection will be carried out soon.,"{'the': 1, 'inspection': 1, 'will': 1, 'be': 1, 'carried': 1, 'out': 1, 'soon': 1}"
27,Ambiguous,The official concerned will review the matter.,"{'the': 2, 'official': 1, 'concerned': 1, 'will': 1, 'review': 1, 'matter': 1}"
28,Ambiguous,Necessary documents should be provided if applicable.,"{'necessary': 1, 'documents': 1, 'should': 1, 'be': 1, 'provided': 1, 'if': 1, 'applicable': 1}"
29,Ambiguous,Public gatherings may be regulated when required.,"{'public': 1, 'gatherings': 1, 'may': 1, 'be': 1, 'regulated': 1, 'when': 1, 'required': 1}"
30,Ambiguous,Vehicles parked improperly will face suitable action.,"{'vehicles': 1, 'parked': 1, 'improperly': 1, 'will': 1, 'face': 1, 'suitable': 1, 'action': 1}"
31,Ambiguous,Complaints will be resolved in due course.,"{'complaints': 1, 'will': 1, 'be': 1, 'resolved': 1, 'in': 1, 'due': 1, 'course': 1}"
32,Ambiguous,The authority may revise the guidelines from time to time.,"{'the': 2, 'authority': 1, 'may': 1, 'revise': 1, 'guidelines': 1, 'from': 1, 'time': 2, 'to': 1}"
33,Ambiguous,The tenant must keep the premises in good condition.,"{'the': 2, 'tenant': 1, 'must': 1, 'keep': 1, 'premises': 1, 'in': 1, 'good': 1, 'condition': 1}"
34,Ambiguous,Repairs will be done whenever necessary.,"{'repairs': 1, 'will': 1, 'be': 1, 'done': 1, 'whenever': 1, 'necessary': 1}"
35,Ambiguous,Pets may be allowed under certain circumstances.,"{'pets': 1, 'may': 1, 'be': 1, 'allowed': 1, 'under': 1, 'certain': 1, 'circumstances': 1}"
36,Ambiguous,Visitors may be permitted with prior intimation.,"{'visitors': 1, 'may': 1, 'be': 1, 'permitted': 1, 'with': 1, 'prior': 1, 'intimation': 1}"
37,Ambiguous,Employees must meet acceptable standards of performance.,"{'employees': 1, 'must': 1, 'meet': 1, 'acceptable': 1, 'standards': 1, 'of': 1, 'performance': 1}"
38,Ambiguous,Your work hours may change depending on requirements.,"{'your': 1, 'work': 1, 'hours': 1, 'may': 1, 'change': 1, 'depending': 1, 'on': 1, 'requirements': 1}"
39,Ambiguous,Travel may be assigned as and when needed.,"{'travel': 1, 'may': 1, 'be': 1, 'assigned': 1, 'as': 1, 'and': 1, 'when': 1, 'needed': 1}"
40,Ambiguous,The team should complete tasks within a reasonable timeline.,"{'the': 1, 'team': 1, 'should': 1, 'complete': 1, 'tasks': 1, 'within': 1, 'a': 1, 'reasonable': 1, 'timeline': 1}"
41,Ambiguous,Performance will be reviewed from time to time.,"{'performance': 1, 'will': 1, 'be': 1, 'reviewed': 1, 'from': 1, 'time': 2, 'to': 1}"
42,Ambiguous,You may be allotted additional responsibilities.,"{'you': 1, 'may': 1, 'be': 1, 'allotted': 1, 'additional': 1, 'responsibilities': 1}"
43,Ambiguous,Disciplinary action may be taken if necessary.,"{'disciplinary': 1, 'action': 1, 'may': 1, 'be': 1, 'taken': 1, 'if': 1, 'necessary': 1}"
44,Ambiguous,Remote work may be allowed in special situations.,"{'remote': 1, 'work': 1, 'may': 1, 'be': 1, 'allowed': 1, 'in': 1, 'special': 1, 'situations': 1}"
45,Ambiguous,You are expected to maintain proper behaviour.,"{'you': 1, 'are': 1, 'expected': 1, 'to': 1, 'maintain': 1, 'proper': 1, 'behaviour': 1}"
46,Ambiguous,Training sessions will be held when appropriate.,"{'training': 1, 'sessions': 1, 'will': 1, 'be': 1, 'held': 1, 'when': 1, 'appropriate': 1}"
47,Ambiguous,Students should follow all classroom norms.,"{'students': 1, 'should': 1, 'follow': 1, 'all': 1, 'classroom': 1, 'norms': 1}"
48,Ambiguous,Assignments may be accepted after the deadline under valid reasons.,"{'assignments': 1, 'may': 1, 'be': 1, 'accepted': 1, 'after': 1, 'the': 1, 'deadline': 1, 'under': 1, 'valid': 1, 'reasons': 1}"
49,Ambiguous,Attendance requirements may vary depending on the course.,"{'attendance': 1, 'requirements': 1, 'may': 1, 'vary': 1, 'depending': 1, 'on': 1, 'the': 1, 'course': 1}"
50,Ambiguous,The exam committee may make changes if required.,"{'the': 1, 'exam': 1, 'committee': 1, 'may': 1, 'make': 1, 'changes': 1, 'if': 1, 'required': 1}"
51,Ambiguous,Appropriate action will be taken for misconduct.,"{'appropriate': 1, 'action': 1, 'will': 1, 'be': 1, 'taken': 1, 'for': 1, 'misconduct': 1}"
52,Ambiguous,The teacher may grant additional time if needed.,"{'the': 1, 'teacher': 1, 'may': 1, 'grant': 1, 'additional': 1, 'time': 1, 'if': 1, 'needed': 1}"
53,Ambiguous,Events may be postponed due to unforeseen conditions.,"{'events': 1, 'may': 1, 'be': 1, 'postponed': 1, 'due': 1, 'to': 1, 'unforeseen': 1, 'conditions': 1}"
54,Ambiguous,Permission for leave will be given in genuine cases.,"{'permission': 1, 'for': 1, 'leave': 1, 'will': 1, 'be': 1, 'given': 1, 'in': 1, 'genuine': 1, 'cases': 1}"
55,Ambiguous,Library access may be restricted as necessary.,"{'library': 1, 'access': 1, 'may': 1, 'be': 1, 'restricted': 1, 'as': 1, 'necessary': 1}"
56,Ambiguous,Students must wear suitable attire.,"{'students': 1, 'must': 1, 'wear': 1, 'suitable': 1, 'attire': 1}"
57,Ambiguous,The supplier shall deliver goods within a reasonable timeframe.,"{'the': 1, 'supplier': 1, 'shall': 1, 'deliver': 1, 'goods': 1, 'within': 1, 'a': 1, 'reasonable': 1, 'timeframe': 1}"
58,Ambiguous,The company may revise the pricing structure.,"{'the': 2, 'company': 1, 'may': 1, 'revise': 1, 'pricing': 1, 'structure': 1}"
59,Ambiguous,Support will be provided whenever required.,"{'support': 1, 'will': 1, 'be': 1, 'provided': 1, 'whenever': 1, 'required': 1}"
60,Ambiguous,The client may request additional services.,"{'the': 1, 'client': 1, 'may': 1, 'request': 1, 'additional': 1, 'services': 1}"
61,Ambiguous,Quality standards should be maintained consistently.,"{'quality': 1, 'standards': 1, 'should': 1, 'be': 1, 'maintained': 1, 'consistently': 1}"
62,Ambiguous,Meetings will be scheduled as per convenience.,"{'meetings': 1, 'will': 1, 'be': 1, 'scheduled': 1, 'as': 1, 'per': 1, 'convenience': 1}"
63,Ambiguous,Patients should follow all advised precautions.,"{'patients': 1, 'should': 1, 'follow': 1, 'all': 1, 'advised': 1, 'precautions': 1}"
64,Ambiguous,Appointments may be rescheduled due to unavoidable reasons.,"{'appointments': 1, 'may': 1, 'be': 1, 'rescheduled': 1, 'due': 1, 'to': 1, 'unavoidable': 1, 'reasons': 1}"
65,Ambiguous,Reports will be issued soon.,"{'reports': 1, 'will': 1, 'be': 1, 'issued': 1, 'soon': 1}"
66,Ambiguous,The doctor may recommend further tests if required.,"{'the': 1, 'doctor': 1, 'may': 1, 'recommend': 1, 'further': 1, 'tests': 1, 'if': 1, 'required': 1}"
67,Ambiguous,Visitors may be allowed during suitable hours.,"{'visitors': 1, 'may': 1, 'be': 1, 'allowed': 1, 'during': 1, 'suitable': 1, 'hours': 1}"
68,Ambiguous,Further instructions will be issued whenever necessary.,"{'further': 1, 'instructions': 1, 'will': 1, 'be': 1, 'issued': 1, 'whenever': 1, 'necessary': 1}"
69,Ambiguous,Appropriate steps will be taken to address the issue.,"{'appropriate': 1, 'steps': 1, 'will': 1, 'be': 1, 'taken': 1, 'to': 1, 'address': 1, 'the': 1, 'issue': 1}"
70,Ambiguous,The officer may initiate action depending on the situation.,"{'the': 2, 'officer': 1, 'may': 1, 'initiate': 1, 'action': 1, 'depending': 1, 'on': 1, 'situation': 1}"
71,Ambiguous,"All notices must be complied with, as applicable.","{'all': 1, 'notices': 1, 'must': 1, 'be': 1, 'complied': 1, 'with': 1, 'as': 1, 'applicable': 1}"
72,Ambiguous,You must follow the guidelines to the best extent possible.,"{'you': 1, 'must': 1, 'follow': 1, 'the': 2, 'guidelines': 1, 'to': 1, 'best': 1, 'extent': 1, 'possible': 1}"
73,Ambiguous,The complaint may be escalated if required.,"{'the': 1, 'complaint': 1, 'may': 1, 'be': 1, 'escalated': 1, 'if': 1, 'required': 1}"
74,Ambiguous,Employees must maintain acceptable levels of conduct.,"{'employees': 1, 'must': 1, 'maintain': 1, 'acceptable': 1, 'levels': 1, 'of': 1, 'conduct': 1}"
75,Ambiguous,You are expected to remain available during critical periods.,"{'you': 1, 'are': 1, 'expected': 1, 'to': 1, 'remain': 1, 'available': 1, 'during': 1, 'critical': 1, 'periods': 1}"
76,Ambiguous,Travel may be required under certain situations.,"{'travel': 1, 'may': 1, 'be': 1, 'required': 1, 'under': 1, 'certain': 1, 'situations': 1}"
77,Ambiguous,The service will be delivered within a reasonable timeline.,"{'the': 1, 'service': 1, 'will': 1, 'be': 1, 'delivered': 1, 'within': 1, 'a': 1, 'reasonable': 1, 'timeline': 1}"
78,Ambiguous,Clarifications will be provided when appropriate.,"{'clarifications': 1, 'will': 1, 'be': 1, 'provided': 1, 'when': 1, 'appropriate': 1}"
79,Ambiguous,Alterations may be approved based on feasibility.,"{'alterations': 1, 'may': 1, 'be': 1, 'approved': 1, 'based': 1, 'on': 1, 'feasibility': 1}"
80,Ambiguous,Repairs will be undertaken as and when necessary.,"{'repairs': 1, 'will': 1, 'be': 1, 'undertaken': 1, 'as': 1, 'and': 1, 'when': 1, 'necessary': 1}"
81,Ambiguous,Attendance rules may be relaxed under genuine circumstances.,"{'attendance': 1, 'rules': 1, 'may': 1, 'be': 1, 'relaxed': 1, 'under': 1, 'genuine': 1, 'circumstances': 1}"
82,Ambiguous,Assignments should be submitted within a reasonable period.,"{'assignments': 1, 'should': 1, 'be': 1, 'submitted': 1, 'within': 1, 'a': 1, 'reasonable': 1, 'period': 1}"
83,Ambiguous,Students must behave appropriately at all times.,"{'students': 1, 'must': 1, 'behave': 1, 'appropriately': 1, 'at': 1, 'all': 1, 'times': 1}"
84,Ambiguous,Events may be rescheduled for unavoidable reasons.,"{'events': 1, 'may': 1, 'be': 1, 'rescheduled': 1, 'for': 1, 'unavoidable': 1, 'reasons': 1}"
85,Ambiguous,The contractor shall deliver the materials whenever feasible without causing major inconvenience.,"{'the': 2, 'contractor': 1, 'shall': 1, 'deliver': 1, 'materials': 1, 'whenever': 1, 'feasible': 1, 'without': 1, 'causing': 1, 'major': 1, 'inconvenience': 1}"
86,Ambiguous,Payment will be adjusted if circumstances change significantly during the project.,"{'payment': 1, 'will': 1, 'be': 1, 'adjusted': 1, 'if': 1, 'circumstances': 1, 'change': 1, 'significantly': 1, 'during': 1, 'the': 1, 'project': 1}"
87,Ambiguous,The vendor must fix any issues that may arise from time to time.,"{'the': 1, 'vendor': 1, 'must': 1, 'fix': 1, 'any': 1, 'issues': 1, 'that': 1, 'may': 1, 'arise': 1, 'from': 1, 'time': 2, 'to': 1}"
88,Ambiguous,The employee shall perform additional duties as required by management.,"{'the': 1, 'employee': 1, 'shall': 1, 'perform': 1, 'additional': 1, 'duties': 1, 'as': 1, 'required': 1, 'by': 1, 'management': 1}"
89,Ambiguous,The company may revise the terms if necessary for operational reasons.,"{'the': 2, 'company': 1, 'may': 1, 'revise': 1, 'terms': 1, 'if': 1, 'necessary': 1, 'for': 1, 'operational': 1, 'reasons': 1}"
90,Ambiguous,Service availability is subject to the provider’s capacity during peak periods.,"{'service': 1, 'availability': 1, 'is': 1, 'subject': 1, 'to': 1, 'the': 1, 'provider': 1, 'capacity': 1, 'during': 1, 'peak': 1, 'periods': 1}"
91,Ambiguous,The parties will cooperate closely to ensure smooth execution of the agreement.,"{'the': 2, 'parties': 1, 'will': 1, 'cooperate': 1, 'closely': 1, 'to': 1, 'ensure': 1, 'smooth': 1, 'execution': 1, 'of': 1, 'agreement': 1}"
92,Ambiguous,The refund will be processed as per applicable norms.,"{'the': 1, 'refund': 1, 'will': 1, 'be': 1, 'processed': 1, 'as': 1, 'per': 1, 'applicable': 1, 'norms': 1}"
93,Ambiguous,You are requested to appear at the office at the earliest convenient time.,"{'you': 1, 'are': 1, 'requested': 1, 'to': 1, 'appear': 1, 'at': 2, 'the': 2, 'office': 1, 'earliest': 1, 'convenient': 1, 'time': 1}"
94,Ambiguous,Appropriate action will be taken if the issue is not resolved soon.,"{'appropriate': 1, 'action': 1, 'will': 1, 'be': 1, 'taken': 1, 'if': 1, 'the': 1, 'issue': 1, 'is': 1, 'not': 1, 'resolved': 1, 'soon': 1}"
95,Ambiguous,Your application will be considered based on the prevailing situation.,"{'your': 1, 'application': 1, 'will': 1, 'be': 1, 'considered': 1, 'based': 1, 'on': 1, 'the': 1, 'prevailing': 1, 'situation': 1}"
96,Ambiguous,The matter will be reviewed shortly and you will be informed accordingly.,"{'the': 1, 'matter': 1, 'will': 2, 'be': 2, 'reviewed': 1, 'shortly': 1, 'and': 1, 'you': 1, 'informed': 1, 'accordingly': 1}"
97,Ambiguous,Necessary steps are being taken to address your complaint.,"{'necessary': 1, 'steps': 1, 'are': 1, 'being': 1, 'taken': 1, 'to': 1, 'address': 1, 'your': 1, 'complaint': 1}"
98,Ambiguous,You may submit the remaining documents whenever possible.,"{'you': 1, 'may': 1, 'submit': 1, 'the': 1, 'remaining': 1, 'documents': 1, 'whenever': 1, 'possible': 1}"
99,Ambiguous,Your responsibilities will be communicated in due course.,"{'your': 1, 'responsibilities': 1, 'will': 1, 'be': 1, 'communicated': 1, 'in': 1, 'due': 1, 'course': 1}"
100,Ambiguous,The officer concerned will look into the matter as deemed fit.,"{'the': 2, 'officer': 1, 'concerned': 1, 'will': 1, 'look': 1, 'into': 1, 'matter': 1, 'as': 1, 'deemed': 1, 'fit': 1}"
101,Safe,The department will issue the final decision within 30 days.,"{'the': 2, 'department': 1, 'will': 1, 'issue': 1, 'final': 1, 'decision': 1, 'within': 1, 'days': 1}"
102,Safe,All applications must be submitted through the official online portal.,"{'all': 1, 'applications': 1, 'must': 1, 'be': 1, 'submitted': 1, 'through': 1, 'the': 1, 'official': 1, 'online': 1, 'portal': 1}"
103,Safe,The officer-in-charge shall verify the documents before approval.,"{'the': 2, 'officer': 1, 'in': 1, 'charge': 1, 'shall': 1, 'verify': 1, 'documents': 1, 'before': 1, 'approval': 1}"
104,Safe,The committee will conduct the review meeting on 12 March 2025.,"{'the': 2, 'committee': 1, 'will': 1, 'conduct': 1, 'review': 1, 'meeting': 1, 'on': 1, 'march': 1}"
105,Safe,Complaints received after the deadline of 5:00 PM will not be accepted.,"{'complaints': 1, 'received': 1, 'after': 1, 'the': 1, 'deadline': 1, 'of': 1, 'pm': 1, 'will': 1, 'not': 1, 'be': 1, 'accepted': 1}"
106,Safe,The authority shall provide written reasons for any rejection.,"{'the': 1, 'authority': 1, 'shall': 1, 'provide': 1, 'written': 1, 'reasons': 1, 'for': 1, 'any': 1, 'rejection': 1}"
107,Safe,Applicants must attach a copy of their government-issued ID.,"{'applicants': 1, 'must': 1, 'attach': 1, 'a': 1, 'copy': 1, 'of': 1, 'their': 1, 'government': 1, 'issued': 1, 'id': 1}"
108,Safe,The notice will take effect from 1 January 2026.,"{'the': 1, 'notice': 1, 'will': 1, 'take': 1, 'effect': 1, 'from': 1, 'january': 1}"
109,Safe,Only registered members may participate in the final selection process.,"{'only': 1, 'registered': 1, 'members': 1, 'may': 1, 'participate': 1, 'in': 1, 'the': 1, 'final': 1, 'selection': 1, 'process': 1}"
110,Safe,The decision shall be communicated by email to all applicants.,"{'the': 1, 'decision': 1, 'shall': 1, 'be': 1, 'communicated': 1, 'by': 1, 'email': 1, 'to': 1, 'all': 1, 'applicants': 1}"
111,Safe,Employees must submit their monthly reports by the 3rd working day.,"{'employees': 1, 'must': 1, 'submit': 1, 'their': 1, 'monthly': 1, 'reports': 1, 'by': 1, 'the': 1, 'working': 1, 'day': 1}"
112,Safe,"Your working hours are 9:00 AM to 6:00 PM, Monday to Friday.","{'your': 1, 'working': 1, 'hours': 1, 'are': 1, 'am': 1, 'to': 2, 'pm': 1, 'monday': 1, 'friday': 1}"
113,Safe,The company will provide a laptop and official email ID on joining.,"{'the': 1, 'company': 1, 'will': 1, 'provide': 1, 'a': 1, 'laptop': 1, 'and': 1, 'official': 1, 'email': 1, 'id': 1, 'on': 1, 'joining': 1}"
114,Safe,Leave requests must be submitted at least two days in advance.,"{'leave': 1, 'requests': 1, 'must': 1, 'be': 1, 'submitted': 1, 'at': 1, 'least': 1, 'two': 1, 'days': 1, 'in': 1, 'advance': 1}"
115,Safe,The HR department will conduct the appraisal meeting next quarter.,"{'the': 2, 'hr': 1, 'department': 1, 'will': 1, 'conduct': 1, 'appraisal': 1, 'meeting': 1, 'next': 1, 'quarter': 1}"
116,Safe,Training for new employees will begin on 15 April at 10:00 AM.,"{'training': 1, 'for': 1, 'new': 1, 'employees': 1, 'will': 1, 'begin': 1, 'on': 1, 'april': 1, 'at': 1, 'am': 1}"
117,Safe,The company will reimburse travel expenses upon receipt submission.,"{'the': 1, 'company': 1, 'will': 1, 'reimburse': 1, 'travel': 1, 'expenses': 1, 'upon': 1, 'receipt': 1, 'submission': 1}"
118,Safe,Misconduct shall result in disciplinary action as per company policy.,"{'misconduct': 1, 'shall': 1, 'result': 1, 'in': 1, 'disciplinary': 1, 'action': 1, 'as': 1, 'per': 1, 'company': 1, 'policy': 1}"
119,Safe,The probation period will last for six months from the date of joining.,"{'the': 2, 'probation': 1, 'period': 1, 'will': 1, 'last': 1, 'for': 1, 'six': 1, 'months': 1, 'from': 1, 'date': 1, 'of': 1, 'joining': 1}"
120,Safe,Overtime will be compensated according to the approved rate chart.,"{'overtime': 1, 'will': 1, 'be': 1, 'compensated': 1, 'according': 1, 'to': 1, 'the': 1, 'approved': 1, 'rate': 1, 'chart': 1}"
121,Safe,The supplier shall deliver all products by 20 June 2026.,"{'the': 1, 'supplier': 1, 'shall': 1, 'deliver': 1, 'all': 1, 'products': 1, 'by': 1, 'june': 1}"
122,Safe,Payments will be processed within 10 days of invoice submission.,"{'payments': 1, 'will': 1, 'be': 1, 'processed': 1, 'within': 1, 'days': 1, 'of': 1, 'invoice': 1, 'submission': 1}"
123,Safe,The service provider must maintain 99% uptime each month.,"{'the': 1, 'service': 1, 'provider': 1, 'must': 1, 'maintain': 1, 'uptime': 1, 'each': 1, 'month': 1}"
124,Safe,All disputes shall be resolved under the jurisdiction of Delhi courts.,"{'all': 1, 'disputes': 1, 'shall': 1, 'be': 1, 'resolved': 1, 'under': 1, 'the': 1, 'jurisdiction': 1, 'of': 1, 'delhi': 1, 'courts': 1}"
125,Safe,The client must provide written approval before any additional work begins.,"{'the': 1, 'client': 1, 'must': 1, 'provide': 1, 'written': 1, 'approval': 1, 'before': 1, 'any': 1, 'additional': 1, 'work': 1, 'begins': 1}"
126,Safe,The contractor shall replace defective items within seven business days.,"{'the': 1, 'contractor': 1, 'shall': 1, 'replace': 1, 'defective': 1, 'items': 1, 'within': 1, 'seven': 1, 'business': 1, 'days': 1}"
127,Safe,This agreement will remain valid for a period of two years.,"{'this': 1, 'agreement': 1, 'will': 1, 'remain': 1, 'valid': 1, 'for': 1, 'a': 1, 'period': 1, 'of': 1, 'two': 1, 'years': 1}"
128,Safe,The vendor must follow the technical specifications listed in Annexure A.,"{'the': 2, 'vendor': 1, 'must': 1, 'follow': 1, 'technical': 1, 'specifications': 1, 'listed': 1, 'in': 1, 'annexure': 1}"
129,Safe,Either party may terminate the agreement with 30 days’ written notice.,"{'either': 1, 'party': 1, 'may': 1, 'terminate': 1, 'the': 1, 'agreement': 1, 'with': 1, 'days': 1, 'written': 1, 'notice': 1}"
130,Safe,The company will conduct a performance audit every quarter.,"{'the': 1, 'company': 1, 'will': 1, 'conduct': 1, 'a': 1, 'performance': 1, 'audit': 1, 'every': 1, 'quarter': 1}"
131,Safe,The tenant shall pay the monthly rent on or before the 5th of each month.,"{'the': 3, 'tenant': 1, 'shall': 1, 'pay': 1, 'monthly': 1, 'rent': 1, 'on': 1, 'or': 1, 'before': 1, 'of': 1, 'each': 1, 'month': 1}"
132,Safe,The landlord will carry out structural repairs within 15 days of written notice.,"{'the': 1, 'landlord': 1, 'will': 1, 'carry': 1, 'out': 1, 'structural': 1, 'repairs': 1, 'within': 1, 'days': 1, 'of': 1, 'written': 1, 'notice': 1}"
133,Safe,Water and electricity bills must be paid directly to the service providers.,"{'water': 1, 'and': 1, 'electricity': 1, 'bills': 1, 'must': 1, 'be': 1, 'paid': 1, 'directly': 1, 'to': 1, 'the': 1, 'service': 1, 'providers': 1}"
134,Safe,The tenant must provide one month’s notice before vacating the premises.,"{'the': 2, 'tenant': 1, 'must': 1, 'provide': 1, 'one': 1, 'month': 1, 'notice': 1, 'before': 1, 'vacating': 1, 'premises': 1}"
135,Safe,The premises may be used only for residential purposes.,"{'the': 1, 'premises': 1, 'may': 1, 'be': 1, 'used': 1, 'only': 1, 'for': 1, 'residential': 1, 'purposes': 1}"
136,Safe,The landlord shall refund the security deposit within seven days of handover.,"{'the': 2, 'landlord': 1, 'shall': 1, 'refund': 1, 'security': 1, 'deposit': 1, 'within': 1, 'seven': 1, 'days': 1, 'of': 1, 'handover': 1}"
137,Safe,Visitors are permitted only between 7:00 AM and 9:00 PM.,"{'visitors': 1, 'are': 1, 'permitted': 1, 'only': 1, 'between': 1, 'am': 1, 'and': 1, 'pm': 1}"
138,Safe,The tenant must maintain the property in clean and sanitary condition.,"{'the': 2, 'tenant': 1, 'must': 1, 'maintain': 1, 'property': 1, 'in': 1, 'clean': 1, 'and': 1, 'sanitary': 1, 'condition': 1}"
139,Safe,Pets are allowed only with written permission from the landlord.,"{'pets': 1, 'are': 1, 'allowed': 1, 'only': 1, 'with': 1, 'written': 1, 'permission': 1, 'from': 1, 'the': 1, 'landlord': 1}"
140,Safe,All maintenance requests must be submitted through the official portal.,"{'all': 1, 'maintenance': 1, 'requests': 1, 'must': 1, 'be': 1, 'submitted': 1, 'through': 1, 'the': 1, 'official': 1, 'portal': 1}"
141,Safe,Students must maintain a minimum attendance of 75% in each course.,"{'students': 1, 'must': 1, 'maintain': 1, 'a': 1, 'minimum': 1, 'attendance': 1, 'of': 1, 'in': 1, 'each': 1, 'course': 1}"
142,Safe,The final examination will be held on 28 November 2025.,"{'the': 1, 'final': 1, 'examination': 1, 'will': 1, 'be': 1, 'held': 1, 'on': 1, 'november': 1}"
143,Legally Risky,Failure to comply with the above instructions shall render the applicant liable to disciplinary action.,"{'failure': 1, 'to': 2, 'comply': 1, 'with': 1, 'the': 2, 'above': 1, 'instructions': 1, 'shall': 1, 'render': 1, 'applicant': 1, 'liable': 1, 'disciplinary': 1, 'action': 1}"
144,Legally Risky,The competent authority reserves the right to cancel the appointment at any stage without assigning any reason.,"{'the': 3, 'competent': 1, 'authority': 1, 'reserves': 1, 'right': 1, 'to': 1, 'cancel': 1, 'appointment': 1, 'at': 1, 'any': 2, 'stage': 1, 'without': 1, 'assigning': 1, 'reason': 1}"
145,Legally Risky,Any deviation from the guidelines shall be treated as misconduct.,"{'any': 1, 'deviation': 1, 'from': 1, 'the': 1, 'guidelines': 1, 'shall': 1, 'be': 1, 'treated': 1, 'as': 1, 'misconduct': 1}"
146,Legally Risky,The department shall not be responsible for any loss or damage arising during the process.,"{'the': 2, 'department': 1, 'shall': 1, 'not': 1, 'be': 1, 'responsible': 1, 'for': 1, 'any': 1, 'loss': 1, 'or': 1, 'damage': 1, 'arising': 1, 'during': 1, 'process': 1}"
147,Legally Risky,Applicants failing to meet the deadline will be subject to action as deemed fit by the authority.,"{'applicants': 1, 'failing': 1, 'to': 2, 'meet': 1, 'the': 2, 'deadline': 1, 'will': 1, 'be': 1, 'subject': 1, 'action': 1, 'as': 1, 'deemed': 1, 'fit': 1, 'by': 1, 'authority': 1}"
148,Legally Risky,The institution reserves the right to withdraw this offer without prior notice.,"{'the': 2, 'institution': 1, 'reserves': 1, 'right': 1, 'to': 1, 'withdraw': 1, 'this': 1, 'offer': 1, 'without': 1, 'prior': 1, 'notice': 1}"
149,Legally Risky,Violation of hostel rules will result in immediate expulsion from the premises.,"{'violation': 1, 'of': 1, 'hostel': 1, 'rules': 1, 'will': 1, 'result': 1, 'in': 1, 'immediate': 1, 'expulsion': 1, 'from': 1, 'the': 1, 'premises': 1}"
150,Legally Risky,"Management shall not be liable for any injury, loss, or accident occurring within the campus.","{'management': 1, 'shall': 1, 'not': 1, 'be': 1, 'liable': 1, 'for': 1, 'any': 1, 'injury': 1, 'loss': 1, 'or': 1, 'accident': 1, 'occurring': 1, 'within': 1, 'the': 1, 'campus': 1}"
151,Legally Risky,The authority may impose penalties as it considers appropriate.,"{'the': 1, 'authority': 1, 'may': 1, 'impose': 1, 'penalties': 1, 'as': 1, 'it': 1, 'considers': 1, 'appropriate': 1}"
152,Legally Risky,Failure to adhere to the instructions will invite strict disciplinary measures.,"{'failure': 1, 'to': 2, 'adhere': 1, 'the': 1, 'instructions': 1, 'will': 1, 'invite': 1, 'strict': 1, 'disciplinary': 1, 'measures': 1}"
153,Legally Risky,The decision of the management shall be final and binding in all matters.,"{'the': 2, 'decision': 1, 'of': 1, 'management': 1, 'shall': 1, 'be': 1, 'final': 1, 'and': 1, 'binding': 1, 'in': 1, 'all': 1, 'matters': 1}"
154,Legally Risky,Employees may be terminated without notice in case of non-compliance.,"{'employees': 1, 'may': 1, 'be': 1, 'terminated': 1, 'without': 1, 'notice': 1, 'in': 1, 'case': 1, 'of': 1, 'non': 1, 'compliance': 1}"
155,Legally Risky,The company reserves the right to modify the terms at any time at its sole discretion.,"{'the': 3, 'company': 1, 'reserves': 1, 'right': 1, 'to': 1, 'modify': 1, 'terms': 1, 'at': 2, 'any': 1, 'time': 1, 'its': 1, 'sole': 1, 'discretion': 1}"
156,Legally Risky,Any false information furnished shall make the applicant liable for legal action.,"{'any': 1, 'false': 1, 'information': 1, 'furnished': 1, 'shall': 1, 'make': 1, 'the': 1, 'applicant': 1, 'liable': 1, 'for': 1, 'legal': 1, 'action': 1}"
157,Legally Risky,The organization shall not entertain any claims whatsoever arising from this arrangement.,"{'the': 1, 'organization': 1, 'shall': 1, 'not': 1, 'entertain': 1, 'any': 1, 'claims': 1, 'whatsoever': 1, 'arising': 1, 'from': 1, 'this': 1, 'arrangement': 1}"
158,Legally Risky,Non-response shall be treated as acceptance of all terms and conditions.,"{'non': 1, 'response': 1, 'shall': 1, 'be': 1, 'treated': 1, 'as': 1, 'acceptance': 1, 'of': 1, 'all': 1, 'terms': 1, 'and': 1, 'conditions': 1}"
159,Legally Risky,The applicant agrees to indemnify the institution against all losses and claims.,"{'the': 2, 'applicant': 1, 'agrees': 1, 'to': 1, 'indemnify': 1, 'institution': 1, 'against': 1, 'all': 1, 'losses': 1, 'and': 1, 'claims': 1}"
160,Legally Risky,Breach of this clause shall lead to immediate cancellation of services.,"{'breach': 1, 'of': 2, 'this': 1, 'clause': 1, 'shall': 1, 'lead': 1, 'to': 1, 'immediate': 1, 'cancellation': 1, 'services': 1}"
161,Legally Risky,Participation is subject to withdrawal at any stage by the authority.,"{'participation': 1, 'is': 1, 'subject': 1, 'to': 1, 'withdrawal': 1, 'at': 1, 'any': 1, 'stage': 1, 'by': 1, 'the': 1, 'authority': 1}"
162,Legally Risky,The authority shall not be accountable for delays or failures under any circumstances.,"{'the': 1, 'authority': 1, 'shall': 1, 'not': 1, 'be': 1, 'accountable': 1, 'for': 1, 'delays': 1, 'or': 1, 'failures': 1, 'under': 1, 'any': 1, 'circumstances': 1}"
163,Legally Risky,The undersigned agrees to bear full responsibility for any consequences arising thereof.,"{'the': 1, 'undersigned': 1, 'agrees': 1, 'to': 1, 'bear': 1, 'full': 1, 'responsibility': 1, 'for': 1, 'any': 1, 'consequences': 1, 'arising': 1, 'thereof': 1}"
164,Legally Risky,Any dispute shall be resolved solely at the discretion of the management.,"{'any': 1, 'dispute': 1, 'shall': 1, 'be': 1, 'resolved': 1, 'solely': 1, 'at': 1, 'the': 2, 'discretion': 1, 'of': 1, 'management': 1}"
165,Legally Risky,The institution may initiate proceedings without further notice.,"{'the': 1, 'institution': 1, 'may': 1, 'initiate': 1, 'proceedings': 1, 'without': 1, 'further': 1, 'notice': 1}"
166,Legally Risky,Failure to submit documents may result in cancellation of admission.,"{'failure': 1, 'to': 1, 'submit': 1, 'documents': 1, 'may': 1, 'result': 1, 'in': 1, 'cancellation': 1, 'of': 1, 'admission': 1}"
167,Legally Risky,The company disclaims all warranties and liabilities related to this service.,"{'the': 1, 'company': 1, 'disclaims': 1, 'all': 1, 'warranties': 1, 'and': 1, 'liabilities': 1, 'related': 1, 'to': 1, 'this': 1, 'service': 1}"
168,Legally Risky,The applicant shall forfeit all rights upon violation of the above terms.,"{'the': 2, 'applicant': 1, 'shall': 1, 'forfeit': 1, 'all': 1, 'rights': 1, 'upon': 1, 'violation': 1, 'of': 1, 'above': 1, 'terms': 1}"
169,Legally Risky,The authority may revoke approval without furnishing a reason.,"{'the': 1, 'authority': 1, 'may': 1, 'revoke': 1, 'approval': 1, 'without': 1, 'furnishing': 1, 'a': 1, 'reason': 1}"
170,Legally Risky,Any act contrary to these rules shall invite penal action.,"{'any': 1, 'act': 1, 'contrary': 1, 'to': 1, 'these': 1, 'rules': 1, 'shall': 1, 'invite': 1, 'penal': 1, 'action': 1}"
171,Legally Risky,The declarant agrees not to hold the institution responsible under any circumstances.,"{'the': 2, 'declarant': 1, 'agrees': 1, 'not': 1, 'to': 1, 'hold': 1, 'institution': 1, 'responsible': 1, 'under': 1, 'any': 1, 'circumstances': 1}"
172,Legally Risky,The organization reserves the right to recover damages from the applicant.,"{'the': 3, 'organization': 1, 'reserves': 1, 'right': 1, 'to': 1, 'recover': 1, 'damages': 1, 'from': 1, 'applicant': 1}"
173,Legally Risky,Non-compliance may lead to suspension or termination of benefits.,"{'non': 1, 'compliance': 1, 'may': 1, 'lead': 1, 'to': 1, 'suspension': 1, 'or': 1, 'termination': 1, 'of': 1, 'benefits': 1}"
174,Legally Risky,The management shall have absolute authority in interpreting these conditions.,"{'the': 1, 'management': 1, 'shall': 1, 'have': 1, 'absolute': 1, 'authority': 1, 'in': 1, 'interpreting': 1, 'these': 1, 'conditions': 1}"
175,Legally Risky,Submission of this form implies unconditional acceptance of all rules.,"{'submission': 1, 'of': 2, 'this': 1, 'form': 1, 'implies': 1, 'unconditional': 1, 'acceptance': 1, 'all': 1, 'rules': 1}"
176,Legally Risky,The applicant shall be solely liable for any legal consequences.,"{'the': 1, 'applicant': 1, 'shall': 1, 'be': 1, 'solely': 1, 'liable': 1, 'for': 1, 'any': 1, 'legal': 1, 'consequences': 1}"
177,Legally Risky,Any delay or default will attract penalties as prescribed by the authority.,"{'any': 1, 'delay': 1, 'or': 1, 'default': 1, 'will': 1, 'attract': 1, 'penalties': 1, 'as': 1, 'prescribed': 1, 'by': 1, 'the': 1, 'authority': 1}"
178,Legally Risky,The company may take appropriate action without providing justification.,"{'the': 1, 'company': 1, 'may': 1, 'take': 1, 'appropriate': 1, 'action': 1, 'without': 1, 'providing': 1, 'justification': 1}"
179,Legally Risky,The institution holds the right to amend or revoke the policy at its discretion.,"{'the': 3, 'institution': 1, 'holds': 1, 'right': 1, 'to': 1, 'amend': 1, 'or': 1, 'revoke': 1, 'policy': 1, 'at': 1, 'its': 1, 'discretion': 1}"
180,Legally Risky,Any violation shall be punishable as per applicable rules.,"{'any': 1, 'violation': 1, 'shall': 1, 'be': 1, 'punishable': 1, 'as': 1, 'per': 1, 'applicable': 1, 'rules': 1}"
181,Legally Risky,The authority shall not be answerable for any claims arising thereafter.,"{'the': 1, 'authority': 1, 'shall': 1, 'not': 1, 'be': 1, 'answerable': 1, 'for': 1, 'any': 1, 'claims': 1, 'arising': 1, 'thereafter': 1}"
182,Legally Risky,The declarant undertakes full liability for compliance with all directives.,"{'the': 1, 'declarant': 1, 'undertakes': 1, 'full': 1, 'liability': 1, 'for': 1, 'compliance': 1, 'with': 1, 'all': 1, 'directives': 1}"
183,Legally Risky,The Seller warrants and guarantees the Product shall be free from defects for life.,"{'the': 2, 'seller': 1, 'warrants': 1, 'and': 1, 'guarantees': 1, 'product': 1, 'shall': 1, 'be': 1, 'free': 1, 'from': 1, 'defects': 1, 'for': 1, 'life': 1}"
184,Legally Risky,The Supplier shall indemnify and hold harmless the Buyer from any and all claims.,"{'the': 2, 'supplier': 1, 'shall': 1, 'indemnify': 1, 'and': 2, 'hold': 1, 'harmless': 1, 'buyer': 1, 'from': 1, 'any': 1, 'all': 1, 'claims': 1}"
185,Legally Risky,The Tenant is fully and exclusively liable for all damages sustained on the premises.,"{'the': 2, 'tenant': 1, 'is': 1, 'fully': 1, 'and': 1, 'exclusively': 1, 'liable': 1, 'for': 1, 'all': 1, 'damages': 1, 'sustained': 1, 'on': 1, 'premises': 1}"
186,Legally Risky,"The Corporation unconditionally commits to repaying the entire debt by Friday, 5 PM.","{'the': 2, 'corporation': 1, 'unconditionally': 1, 'commits': 1, 'to': 1, 'repaying': 1, 'entire': 1, 'debt': 1, 'by': 1, 'friday': 1, 'pm': 1}"
187,Legally Risky,This Agreement constitutes the entire understanding and supersedes all prior representations.,"{'this': 1, 'agreement': 1, 'constitutes': 1, 'the': 1, 'entire': 1, 'understanding': 1, 'and': 1, 'supersedes': 1, 'all': 1, 'prior': 1, 'representations': 1}"
188,Legally Risky,"The Developer guarantees a minimum uptime of 99.999%, enforceable through liquidated damages.","{'the': 1, 'developer': 1, 'guarantees': 1, 'a': 1, 'minimum': 1, 'uptime': 1, 'of': 1, 'enforceable': 1, 'through': 1, 'liquidated': 1, 'damages': 1}"
189,Legally Risky,Failure to deliver the goods shall result in automatic termination of the contract.,"{'failure': 1, 'to': 1, 'deliver': 1, 'the': 2, 'goods': 1, 'shall': 1, 'result': 1, 'in': 1, 'automatic': 1, 'termination': 1, 'of': 1, 'contract': 1}"
190,Legally Risky,The Buyer expressly waives all rights to pursue litigation in any court other than Delaware.,"{'the': 1, 'buyer': 1, 'expressly': 1, 'waives': 1, 'all': 1, 'rights': 1, 'to': 1, 'pursue': 1, 'litigation': 1, 'in': 1, 'any': 1, 'court': 1, 'other': 1, 'than': 1, 'delaware': 1}"
191,Legally Risky,The authority reserves the right to reject any application without assigning reasons.,"{'the': 2, 'authority': 1, 'reserves': 1, 'right': 1, 'to': 1, 'reject': 1, 'any': 1, 'application': 1, 'without': 1, 'assigning': 1, 'reasons': 1}"
192,Legally Risky,Submission of incorrect information will lead to legal proceedings.,"{'submission': 1, 'of': 1, 'incorrect': 1, 'information': 1, 'will': 1, 'lead': 1, 'to': 1, 'legal': 1, 'proceedings': 1}"
193,Legally Risky,"I attest, without reservation, that the events described occurred exactly as specified in this document.","{'i': 1, 'attest': 1, 'without': 1, 'reservation': 1, 'that': 1, 'the': 1, 'events': 1, 'described': 1, 'occurred': 1, 'exactly': 1, 'as': 1, 'specified': 1, 'in': 1, 'this': 1, 'document': 1}"
194,Legally Risky,We certify that all materials used in construction are fully compliant with applicable standards.,"{'we': 1, 'certify': 1, 'that': 1, 'all': 1, 'materials': 1, 'used': 1, 'in': 1, 'construction': 1, 'are': 1, 'fully': 1, 'compliant': 1, 'with': 1, 'applicable': 1, 'standards': 1}"
195,Legally Risky,"I declare, under penalty of perjury, that I have no financial interest in the outcome of this case.","{'i': 2, 'declare': 1, 'under': 1, 'penalty': 1, 'of': 2, 'perjury': 1, 'that': 1, 'have': 1, 'no': 1, 'financial': 1, 'interest': 1, 'in': 1, 'the': 1, 'outcome': 1, 'this': 1, 'case': 1}"
196,Legally Risky,This email confirms that the company was aware of the safety defect prior to the shipment date.,"{'this': 1, 'email': 1, 'confirms': 1, 'that': 1, 'the': 3, 'company': 1, 'was': 1, 'aware': 1, 'of': 1, 'safety': 1, 'defect': 1, 'prior': 1, 'to': 1, 'shipment': 1, 'date': 1}"
197,Legally Risky,The attached financial statement is true and accurate as of the closing date.,"{'the': 2, 'attached': 1, 'financial': 1, 'statement': 1, 'is': 1, 'true': 1, 'and': 1, 'accurate': 1, 'as': 1, 'of': 1, 'closing': 1, 'date': 1}"
198,Legally Risky,The Administrator hereby accepts full responsibility for the resulting data loss.,"{'the': 2, 'administrator': 1, 'hereby': 1, 'accepts': 1, 'full': 1, 'responsibility': 1, 'for': 1, 'resulting': 1, 'data': 1, 'loss': 1}"
199,Legally Risky,It is acknowledged that the proprietary data was stored on an unsecured server.,"{'it': 1, 'is': 1, 'acknowledged': 1, 'that': 1, 'the': 1, 'proprietary': 1, 'data': 1, 'was': 1, 'stored': 1, 'on': 1, 'an': 1, 'unsecured': 1, 'server': 1}"
200,Legally Risky,The declarant agrees to bear all consequences arising out of this declaration.,"{'the': 1, 'declarant': 1, 'agrees': 1, 'to': 1, 'bear': 1, 'all': 1, 'consequences': 1, 'arising': 1, 'out': 1, 'of': 1, 'this': 1, 'declaration': 1}"
201,Legally Risky,Any false declaration shall invite penal consequences.,"{'any': 1, 'false': 1, 'declaration': 1, 'shall': 1, 'invite': 1, 'penal': 1, 'consequences': 1}"
202,Legally Risky,The applicant waives all rights to raise objections at a later stage.,"{'the': 1, 'applicant': 1, 'waives': 1, 'all': 1, 'rights': 1, 'to': 1, 'raise': 1, 'objections': 1, 'at': 1, 'a': 1, 'later': 1, 'stage': 1}"
203,Legally Risky,All employees must immediately disclose any and all contact with competitors.,"{'all': 2, 'employees': 1, 'must': 1, 'immediately': 1, 'disclose': 1, 'any': 1, 'and': 1, 'contact': 1, 'with': 1, 'competitors': 1}"
204,Legally Risky,The system shall retain records for a minimum period of ten years.,"{'the': 1, 'system': 1, 'shall': 1, 'retain': 1, 'records': 1, 'for': 1, 'a': 1, 'minimum': 1, 'period': 1, 'of': 1, 'ten': 1, 'years': 1}"
205,Legally Risky,The company is required to notify affected users within twenty-four hours of discovering a breach.,"{'the': 1, 'company': 1, 'is': 1, 'required': 1, 'to': 1, 'notify': 1, 'affected': 1, 'users': 1, 'within': 1, 'twenty': 1, 'four': 1, 'hours': 1, 'of': 1, 'discovering': 1, 'a': 1, 'breach': 1}"
206,Legally Risky,Any non-compliance will result in a mandatory monetary penalty.,"{'any': 1, 'non': 1, 'compliance': 1, 'will': 1, 'result': 1, 'in': 1, 'a': 1, 'mandatory': 1, 'monetary': 1, 'penalty': 1}"
207,Legally Risky,"The Board of Directors shall, without exception, hold its annual meeting in February.","{'the': 1, 'board': 1, 'of': 1, 'directors': 1, 'shall': 1, 'without': 1, 'exception': 1, 'hold': 1, 'its': 1, 'annual': 1, 'meeting': 1, 'in': 1, 'february': 1}"
208,Legally Risky,The User is solely responsible for backing up all data and credentials.,"{'the': 1, 'user': 1, 'is': 1, 'solely': 1, 'responsible': 1, 'for': 1, 'backing': 1, 'up': 1, 'all': 1, 'data': 1, 'and': 1, 'credentials': 1}"
209,Legally Risky,The Licensee must cease all use of the intellectual property immediately.,"{'the': 2, 'licensee': 1, 'must': 1, 'cease': 1, 'all': 1, 'use': 1, 'of': 1, 'intellectual': 1, 'property': 1, 'immediately': 1}"
210,Legally Risky,Any breach shall constitute sufficient grounds for termination.,"{'any': 1, 'breach': 1, 'shall': 1, 'constitute': 1, 'sufficient': 1, 'grounds': 1, 'for': 1, 'termination': 1}"
211,Legally Risky,The authority may initiate proceedings without issuing further notice.,"{'the': 1, 'authority': 1, 'may': 1, 'initiate': 1, 'proceedings': 1, 'without': 1, 'issuing': 1, 'further': 1, 'notice': 1}"
212,Legally Risky,Participation is subject to compliance with all directives issued.,"{'participation': 1, 'is': 1, 'subject': 1, 'to': 1, 'compliance': 1, 'with': 1, 'all': 1, 'directives': 1, 'issued': 1}"
213,Legally Risky,This medical device cures all symptoms associated with the condition with complete effectiveness.,"{'this': 1, 'medical': 1, 'device': 1, 'cures': 1, 'all': 1, 'symptoms': 1, 'associated': 1, 'with': 2, 'the': 1, 'condition': 1, 'complete': 1, 'effectiveness': 1}"
214,Legally Risky,Our compliance framework guarantees perfect adherence to all regulatory requirements.,"{'our': 1, 'compliance': 1, 'framework': 1, 'guarantees': 1, 'perfect': 1, 'adherence': 1, 'to': 1, 'all': 1, 'regulatory': 1, 'requirements': 1}"
215,Legally Risky,The property has never experienced any structural or water damage.,"{'the': 1, 'property': 1, 'has': 1, 'never': 1, 'experienced': 1, 'any': 1, 'structural': 1, 'or': 1, 'water': 1, 'damage': 1}"
216,Legally Risky,All transmissions are secured using impenetrable encryption technology.,"{'all': 1, 'transmissions': 1, 'are': 1, 'secured': 1, 'using': 1, 'impenetrable': 1, 'encryption': 1, 'technology': 1}"
217,Legally Risky,The final product will be delivered by the specified date or the contract shall stand void.,"{'the': 3, 'final': 1, 'product': 1, 'will': 1, 'be': 1, 'delivered': 1, 'by': 1, 'specified': 1, 'date': 1, 'or': 1, 'contract': 1, 'shall': 1, 'stand': 1, 'void': 1}"
218,Legally Risky,The service is guaranteed to never experience an outage exceeding five minutes.,"{'the': 1, 'service': 1, 'is': 1, 'guaranteed': 1, 'to': 1, 'never': 1, 'experience': 1, 'an': 1, 'outage': 1, 'exceeding': 1, 'five': 1, 'minutes': 1}"
219,Legally Risky,The client represents that it has full authority to bind the parent corporation.,"{'the': 2, 'client': 1, 'represents': 1, 'that': 1, 'it': 1, 'has': 1, 'full': 1, 'authority': 1, 'to': 1, 'bind': 1, 'parent': 1, 'corporation': 1}"
220,Legally Risky,The authority holds absolute discretion in interpreting these provisions.,"{'the': 1, 'authority': 1, 'holds': 1, 'absolute': 1, 'discretion': 1, 'in': 1, 'interpreting': 1, 'these': 1, 'provisions': 1}"
221,Legally Risky,The applicant shall have no claim whatsoever against the organization.,"{'the': 2, 'applicant': 1, 'shall': 1, 'have': 1, 'no': 1, 'claim': 1, 'whatsoever': 1, 'against': 1, 'organization': 1}"
222,Legally Risky,The services may be discontinued without notice.,"{'the': 1, 'services': 1, 'may': 1, 'be': 1, 'discontinued': 1, 'without': 1, 'notice': 1}"
223,Legally Risky,Any misrepresentation shall render the candidate liable for cancellation of candidature.,"{'any': 1, 'misrepresentation': 1, 'shall': 1, 'render': 1, 'the': 1, 'candidate': 1, 'liable': 1, 'for': 1, 'cancellation': 1, 'of': 1, 'candidature': 1}"
224,Legally Risky,The authority may suspend or cancel permission at any time.,"{'the': 1, 'authority': 1, 'may': 1, 'suspend': 1, 'or': 1, 'cancel': 1, 'permission': 1, 'at': 1, 'any': 1, 'time': 1}"
225,Legally Risky,The institution shall not entertain disputes of any nature in this regard.,"{'the': 1, 'institution': 1, 'shall': 1, 'not': 1, 'entertain': 1, 'disputes': 1, 'of': 1, 'any': 1, 'nature': 1, 'in': 1, 'this': 1, 'regard': 1}"
226,Legally Risky,The applicant agrees that no appeal shall lie against the decision.,"{'the': 2, 'applicant': 1, 'agrees': 1, 'that': 1, 'no': 1, 'appeal': 1, 'shall': 1, 'lie': 1, 'against': 1, 'decision': 1}"
227,Legally Risky,The management shall not be accountable for losses incurred.,"{'the': 1, 'management': 1, 'shall': 1, 'not': 1, 'be': 1, 'accountable': 1, 'for': 1, 'losses': 1, 'incurred': 1}"
228,Legally Risky,Violation of any term shall render the agreement void.,"{'violation': 1, 'of': 1, 'any': 1, 'term': 1, 'shall': 1, 'render': 1, 'the': 1, 'agreement': 1, 'void': 1}"
229,Legally Risky,The applicant agrees to submit to jurisdiction decided solely by the authority.,"{'the': 2, 'applicant': 1, 'agrees': 1, 'to': 2, 'submit': 1, 'jurisdiction': 1, 'decided': 1, 'solely': 1, 'by': 1, 'authority': 1}"
230,Legally Risky,The organization may take any action it deems fit.,"{'the': 1, 'organization': 1, 'may': 1, 'take': 1, 'any': 1, 'action': 1, 'it': 1, 'deems': 1, 'fit': 1}"
231,Legally Risky,Failure to comply shall invite severe action.,"{'failure': 1, 'to': 1, 'comply': 1, 'shall': 1, 'invite': 1, 'severe': 1, 'action': 1}"
232,Legally Risky,Acceptance of these terms is mandatory and unconditional.,"{'acceptance': 1, 'of': 1, 'these': 1, 'terms': 1, 'is': 1, 'mandatory': 1, 'and': 1, 'unconditional': 1}"
233,Legally Risky,The company assumes no responsibility for errors or omissions.,"{'the': 1, 'company': 1, 'assumes': 1, 'no': 1, 'responsibility': 1, 'for': 1, 'errors': 1, 'or': 1, 'omissions': 1}"
234,Legally Risky,The authority may revoke approval at any time.,"{'the': 1, 'authority': 1, 'may': 1, 'revoke': 1, 'approval': 1, 'at': 1, 'any': 1, 'time': 1}"
235,Legally Risky,Any default shall result in withdrawal of facilities.,"{'any': 1, 'default': 1, 'shall': 1, 'result': 1, 'in': 1, 'withdrawal': 1, 'of': 1, 'facilities': 1}"
236,Legally Risky,The declarant agrees the authority’s decision is irrevocable.,"{'the': 2, 'declarant': 1, 'agrees': 1, 'authority': 1, 'decision': 1, 'is': 1, 'irrevocable': 1}"
237,Legally Risky,The institution shall not be liable for damages or claims of any kind.,"{'the': 1, 'institution': 1, 'shall': 1, 'not': 1, 'be': 1, 'liable': 1, 'for': 1, 'damages': 1, 'or': 1, 'claims': 1, 'of': 1, 'any': 1, 'kind': 1}"
238,Legally Risky,The applicant undertakes to indemnify the authority against all losses.,"{'the': 2, 'applicant': 1, 'undertakes': 1, 'to': 1, 'indemnify': 1, 'authority': 1, 'against': 1, 'all': 1, 'losses': 1}"
239,Legally Risky,The management may revise or withdraw the offer at its discretion.,"{'the': 2, 'management': 1, 'may': 1, 'revise': 1, 'or': 1, 'withdraw': 1, 'offer': 1, 'at': 1, 'its': 1, 'discretion': 1}"
240,Legally Risky,The authority’s determination shall be conclusive in all matters.,"{'the': 1, 'authority': 1, 'determination': 1, 'shall': 1, 'be': 1, 'conclusive': 1, 'in': 1, 'all': 1, 'matters': 1}"
241,Legally Risky,The applicant shall be barred from future participation upon violation.,"{'the': 1, 'applicant': 1, 'shall': 1, 'be': 1, 'barred': 1, 'from': 1, 'future': 1, 'participation': 1, 'upon': 1, 'violation': 1}"
242,Legally Risky,The organization shall not be responsible for any consequences arising thereafter.,"{'the': 1, 'organization': 1, 'shall': 1, 'not': 1, 'be': 1, 'responsible': 1, 'for': 1, 'any': 1, 'consequences': 1, 'arising': 1, 'thereafter': 1}"
243,Under Specified,Access to the facility may be granted upon approval.,"{'access': 1, 'to': 1, 'the': 1, 'facility': 1, 'may': 1, 'be': 1, 'granted': 1, 'upon': 1, 'approval': 1}"
244,Under Specified,Requests will be processed according to internal guidelines.,"{'requests': 1, 'will': 1, 'be': 1, 'processed': 1, 'according': 1, 'to': 1, 'internal': 1, 'guidelines': 1}"
245,Under Specified,Fees may be revised from time to time.,"{'fees': 1, 'may': 1, 'be': 1, 'revised': 1, 'from': 1, 'time': 2, 'to': 1}"
246,Under Specified,Support will be provided as required.,"{'support': 1, 'will': 1, 'be': 1, 'provided': 1, 'as': 1, 'required': 1}"
247,Under Specified,The service is subject to availability.,"{'the': 1, 'service': 1, 'is': 1, 'subject': 1, 'to': 1, 'availability': 1}"
248,Under Specified,Permissions are granted on a case-by-case basis.,"{'permissions': 1, 'are': 1, 'granted': 1, 'on': 1, 'a': 1, 'case': 2, 'by': 1, 'basis': 1}"
249,Under Specified,Records shall be maintained as per policy.,"{'records': 1, 'shall': 1, 'be': 1, 'maintained': 1, 'as': 1, 'per': 1, 'policy': 1}"
250,Under Specified,Refunds will be issued where applicable.,"{'refunds': 1, 'will': 1, 'be': 1, 'issued': 1, 'where': 1, 'applicable': 1}"
251,Under Specified,The application will be reviewed by the relevant department.,"{'the': 2, 'application': 1, 'will': 1, 'be': 1, 'reviewed': 1, 'by': 1, 'relevant': 1, 'department': 1}"
252,Under Specified,Changes may be implemented as necessary.,"{'changes': 1, 'may': 1, 'be': 1, 'implemented': 1, 'as': 1, 'necessary': 1}"
253,Under Specified,The authority shall take appropriate action in such cases.,"{'the': 1, 'authority': 1, 'shall': 1, 'take': 1, 'appropriate': 1, 'action': 1, 'in': 1, 'such': 1, 'cases': 1}"
254,Under Specified,Access may be restricted under certain circumstances.,"{'access': 1, 'may': 1, 'be': 1, 'restricted': 1, 'under': 1, 'certain': 1, 'circumstances': 1}"
255,Under Specified,The timeline will be communicated separately.,"{'the': 1, 'timeline': 1, 'will': 1, 'be': 1, 'communicated': 1, 'separately': 1}"
256,Under Specified,The process shall be conducted in the prescribed manner.,"{'the': 2, 'process': 1, 'shall': 1, 'be': 1, 'conducted': 1, 'in': 1, 'prescribed': 1, 'manner': 1}"
257,Under Specified,Benefits are applicable subject to eligibility.,"{'benefits': 1, 'are': 1, 'applicable': 1, 'subject': 1, 'to': 1, 'eligibility': 1}"
258,Under Specified,Documentation must be submitted in the required format.,"{'documentation': 1, 'must': 1, 'be': 1, 'submitted': 1, 'in': 1, 'the': 1, 'required': 1, 'format': 1}"
259,Under Specified,The request will be addressed at the earliest.,"{'the': 2, 'request': 1, 'will': 1, 'be': 1, 'addressed': 1, 'at': 1, 'earliest': 1}"
260,Under Specified,Compliance will be monitored periodically.,"{'compliance': 1, 'will': 1, 'be': 1, 'monitored': 1, 'periodically': 1}"
261,Under Specified,The service may be discontinued if required.,"{'the': 1, 'service': 1, 'may': 1, 'be': 1, 'discontinued': 1, 'if': 1, 'required': 1}"
262,Under Specified,Further instructions shall be issued in due course.,"{'further': 1, 'instructions': 1, 'shall': 1, 'be': 1, 'issued': 1, 'in': 1, 'due': 1, 'course': 1}"
263,Under Specified,Participation is subject to satisfaction of conditions.,"{'participation': 1, 'is': 1, 'subject': 1, 'to': 1, 'satisfaction': 1, 'of': 1, 'conditions': 1}"
264,Under Specified,The policy shall be implemented uniformly.,"{'the': 1, 'policy': 1, 'shall': 1, 'be': 1, 'implemented': 1, 'uniformly': 1}"
265,Under Specified,Payment will be collected as applicable.,"{'payment': 1, 'will': 1, 'be': 1, 'collected': 1, 'as': 1, 'applicable': 1}"
266,Under Specified,The application may be forwarded to the appropriate authority.,"{'the': 2, 'application': 1, 'may': 1, 'be': 1, 'forwarded': 1, 'to': 1, 'appropriate': 1, 'authority': 1}"
267,Under Specified,Approval is subject to verification.,"{'approval': 1, 'is': 1, 'subject': 1, 'to': 1, 'verification': 1}"
268,Under Specified,The decision will be communicated accordingly.,"{'the': 1, 'decision': 1, 'will': 1, 'be': 1, 'communicated': 1, 'accordingly': 1}"
269,Under Specified,Facilities may be provided upon request.,"{'facilities': 1, 'may': 1, 'be': 1, 'provided': 1, 'upon': 1, 'request': 1}"
270,Under Specified,Assistance shall be extended as deemed necessary.,"{'assistance': 1, 'shall': 1, 'be': 1, 'extended': 1, 'as': 1, 'deemed': 1, 'necessary': 1}"
271,Under Specified,Requests are handled based on priority.,"{'requests': 1, 'are': 1, 'handled': 1, 'based': 1, 'on': 1, 'priority': 1}"
272,Under Specified,The provisions shall apply wherever relevant.,"{'the': 1, 'provisions': 1, 'shall': 1, 'apply': 1, 'wherever': 1, 'relevant': 1}"
273,Under Specified,The committee shall examine the matter.,"{'the': 2, 'committee': 1, 'shall': 1, 'examine': 1, 'matter': 1}"
274,Under Specified,Actions will be taken based on circumstances.,"{'actions': 1, 'will': 1, 'be': 1, 'taken': 1, 'based': 1, 'on': 1, 'circumstances': 1}"
275,Under Specified,The form must be filled out correctly.,"{'the': 1, 'form': 1, 'must': 1, 'be': 1, 'filled': 1, 'out': 1, 'correctly': 1}"
276,Under Specified,The policy applies to eligible candidates.,"{'the': 1, 'policy': 1, 'applies': 1, 'to': 1, 'eligible': 1, 'candidates': 1}"
277,Under Specified,Exceptions may be made on merit.,"{'exceptions': 1, 'may': 1, 'be': 1, 'made': 1, 'on': 1, 'merit': 1}"
278,Under Specified,Services are provided in accordance with terms.,"{'services': 1, 'are': 1, 'provided': 1, 'in': 1, 'accordance': 1, 'with': 1, 'terms': 1}"
279,Under Specified,Applications will be processed in phases.,"{'applications': 1, 'will': 1, 'be': 1, 'processed': 1, 'in': 1, 'phases': 1}"
280,Under Specified,The matter will be reviewed periodically.,"{'the': 1, 'matter': 1, 'will': 1, 'be': 1, 'reviewed': 1, 'periodically': 1}"
281,Under Specified,Obligations shall be fulfilled appropriately.,"{'obligations': 1, 'shall': 1, 'be': 1, 'fulfilled': 1, 'appropriately': 1}"
282,Under Specified,The service level will be determined later.,"{'the': 1, 'service': 1, 'level': 1, 'will': 1, 'be': 1, 'determined': 1, 'later': 1}"
283,Under Specified,Requirements must be met prior to approval.,"{'requirements': 1, 'must': 1, 'be': 1, 'met': 1, 'prior': 1, 'to': 1, 'approval': 1}"
284,Under Specified,Access shall be limited where necessary.,"{'access': 1, 'shall': 1, 'be': 1, 'limited': 1, 'where': 1, 'necessary': 1}"
285,Under Specified,The conditions may vary depending on usage.,"{'the': 1, 'conditions': 1, 'may': 1, 'vary': 1, 'depending': 1, 'on': 1, 'usage': 1}"
286,Under Specified,Provisions are subject to revision.,"{'provisions': 1, 'are': 1, 'subject': 1, 'to': 1, 'revision': 1}"
287,Under Specified,Clarifications can be sought if required.,"{'clarifications': 1, 'can': 1, 'be': 1, 'sought': 1, 'if': 1, 'required': 1}"
288,Under Specified,Authorization will be granted as per procedure.,"{'authorization': 1, 'will': 1, 'be': 1, 'granted': 1, 'as': 1, 'per': 1, 'procedure': 1}"
289,Under Specified,Users may be allowed to opt out.,"{'users': 1, 'may': 1, 'be': 1, 'allowed': 1, 'to': 1, 'opt': 1, 'out': 1}"
290,Under Specified,The request will be escalated if needed.,"{'the': 1, 'request': 1, 'will': 1, 'be': 1, 'escalated': 1, 'if': 1, 'needed': 1}"
291,Under Specified,Implementation shall follow standard practice.,"{'implementation': 1, 'shall': 1, 'follow': 1, 'standard': 1, 'practice': 1}"
292,Under Specified,Permission must be obtained from the competent department.,"{'permission': 1, 'must': 1, 'be': 1, 'obtained': 1, 'from': 1, 'the': 1, 'competent': 1, 'department': 1}"
293,Under Specified,Any disputes shall be resolved by the designated body.,"{'any': 1, 'disputes': 1, 'shall': 1, 'be': 1, 'resolved': 1, 'by': 1, 'the': 1, 'designated': 1, 'body': 1}"
294,Under Specified,The Company may terminate services if deemed necessary.,"{'the': 1, 'company': 1, 'may': 1, 'terminate': 1, 'services': 1, 'if': 1, 'deemed': 1, 'necessary': 1}"
295,Under Specified,The landlord may inspect the property periodically.,"{'the': 2, 'landlord': 1, 'may': 1, 'inspect': 1, 'property': 1, 'periodically': 1}"
296,Under Specified,Any damage must be reported immediately.,"{'any': 1, 'damage': 1, 'must': 1, 'be': 1, 'reported': 1, 'immediately': 1}"
297,Under Specified,The tenant shall ensure proper use of common areas.,"{'the': 1, 'tenant': 1, 'shall': 1, 'ensure': 1, 'proper': 1, 'use': 1, 'of': 1, 'common': 1, 'areas': 1}"
298,Under Specified,Additional charges may apply as needed.,"{'additional': 1, 'charges': 1, 'may': 1, 'apply': 1, 'as': 1, 'needed': 1}"
299,Under Specified,The security deposit will be refunded after due verification.,"{'the': 1, 'security': 1, 'deposit': 1, 'will': 1, 'be': 1, 'refunded': 1, 'after': 1, 'due': 1, 'verification': 1}"
300,Under Specified,Invoices will be processed promptly.,"{'invoices': 1, 'will': 1, 'be': 1, 'processed': 1, 'promptly': 1}"
301,Under Specified,Delays may attract applicable charges.,"{'delays': 1, 'may': 1, 'attract': 1, 'applicable': 1, 'charges': 1}"
302,Under Specified,Changes may be incorporated upon review.,"{'changes': 1, 'may': 1, 'be': 1, 'incorporated': 1, 'upon': 1, 'review': 1}"
303,Under Specified,Appointments may be rescheduled due to unavoidable reasons.,"{'appointments': 1, 'may': 1, 'be': 1, 'rescheduled': 1, 'due': 1, 'to': 1, 'unavoidable': 1, 'reasons': 1}"
304,Under Specified,Coverage may depend on policy conditions.,"{'coverage': 1, 'may': 1, 'depend': 1, 'on': 1, 'policy': 1, 'conditions': 1}"
305,Under Specified,Claims will be assessed appropriately.,"{'claims': 1, 'will': 1, 'be': 1, 'assessed': 1, 'appropriately': 1}"
306,Under Specified,Emergency care will be provided as necessary.,"{'emergency': 1, 'care': 1, 'will': 1, 'be': 1, 'provided': 1, 'as': 1, 'necessary': 1}"
307,Under Specified,Authorization may be needed in certain cases.,"{'authorization': 1, 'may': 1, 'be': 1, 'needed': 1, 'in': 1, 'certain': 1, 'cases': 1}"
308,Under Specified,Medicines should be taken as directed.,"{'medicines': 1, 'should': 1, 'be': 1, 'taken': 1, 'as': 1, 'directed': 1}"
309,Under Specified,The applicant may be granted relief based on circumstances.,"{'the': 1, 'applicant': 1, 'may': 1, 'be': 1, 'granted': 1, 'relief': 1, 'based': 1, 'on': 1, 'circumstances': 1}"
310,Under Specified,"Documents must be submitted in the prescribed manner, if any.","{'documents': 1, 'must': 1, 'be': 1, 'submitted': 1, 'in': 1, 'the': 1, 'prescribed': 1, 'manner': 1, 'if': 1, 'any': 1}"
311,Under Specified,"All notices must be complied with, as applicable.","{'all': 1, 'notices': 1, 'must': 1, 'be': 1, 'complied': 1, 'with': 1, 'as': 1, 'applicable': 1}"
312,Under Specified,The decision will be communicated in due course of time.,"{'the': 1, 'decision': 1, 'will': 1, 'be': 1, 'communicated': 1, 'in': 1, 'due': 1, 'course': 1, 'of': 1, 'time': 1}"
313,Under Specified,The complaint may be escalated if required.,"{'the': 1, 'complaint': 1, 'may': 1, 'be': 1, 'escalated': 1, 'if': 1, 'required': 1}"
314,Under Specified,Fees may be waived in deserving cases.,"{'fees': 1, 'may': 1, 'be': 1, 'waived': 1, 'in': 1, 'deserving': 1, 'cases': 1}"
315,Under Specified,You may be assigned additional duties from time to time.,"{'you': 1, 'may': 1, 'be': 1, 'assigned': 1, 'additional': 1, 'duties': 1, 'from': 1, 'time': 2, 'to': 1}"
316,Under Specified,The shift schedule is subject to change as per operational needs.,"{'the': 1, 'shift': 1, 'schedule': 1, 'is': 1, 'subject': 1, 'to': 1, 'change': 1, 'as': 1, 'per': 1, 'operational': 1, 'needs': 1}"
317,Under Specified,Your responsibilities may expand based on business demands.,"{'your': 1, 'responsibilities': 1, 'may': 1, 'expand': 1, 'based': 1, 'on': 1, 'business': 1, 'demands': 1}"
318,Under Specified,Leave will be granted depending on the merits of the request.,"{'leave': 1, 'will': 1, 'be': 1, 'granted': 1, 'depending': 1, 'on': 1, 'the': 2, 'merits': 1, 'of': 1, 'request': 1}"
319,Under Specified,Training sessions may be organized whenever needed.,"{'training': 1, 'sessions': 1, 'may': 1, 'be': 1, 'organized': 1, 'whenever': 1, 'needed': 1}"
320,Under Specified,Your probation may be extended for reasons deemed fit.,"{'your': 1, 'probation': 1, 'may': 1, 'be': 1, 'extended': 1, 'for': 1, 'reasons': 1, 'deemed': 1, 'fit': 1}"
321,Under Specified,Additional charges may apply under special conditions.,"{'additional': 1, 'charges': 1, 'may': 1, 'apply': 1, 'under': 1, 'special': 1, 'conditions': 1}"
322,Under Specified,The client may seek modifications after review.,"{'the': 1, 'client': 1, 'may': 1, 'seek': 1, 'modifications': 1, 'after': 1, 'review': 1}"
323,Under Specified,All deliverables must meet adequate standards.,"{'all': 1, 'deliverables': 1, 'must': 1, 'meet': 1, 'adequate': 1, 'standards': 1}"
324,Under Specified,Payments may be adjusted based on final reconciliation.,"{'payments': 1, 'may': 1, 'be': 1, 'adjusted': 1, 'based': 1, 'on': 1, 'final': 1, 'reconciliation': 1}"
325,Under Specified,Work may be rescheduled due to operational constraints.,"{'work': 1, 'may': 1, 'be': 1, 'rescheduled': 1, 'due': 1, 'to': 1, 'operational': 1, 'constraints': 1}"
326,Under Specified,The vendor must take necessary measures to prevent delays.,"{'the': 1, 'vendor': 1, 'must': 1, 'take': 1, 'necessary': 1, 'measures': 1, 'to': 1, 'prevent': 1, 'delays': 1}"
327,Under Specified,The agreement may be revised subject to mutual understanding.,"{'the': 1, 'agreement': 1, 'may': 1, 'be': 1, 'revised': 1, 'subject': 1, 'to': 1, 'mutual': 1, 'understanding': 1}"
328,Under Specified,The project may require extensions based on requirements.,"{'the': 1, 'project': 1, 'may': 1, 'require': 1, 'extensions': 1, 'based': 1, 'on': 1, 'requirements': 1}"
329,Under Specified,Repairs will be undertaken as and when necessary.,"{'repairs': 1, 'will': 1, 'be': 1, 'undertaken': 1, 'as': 1, 'and': 1, 'when': 1, 'necessary': 1}"
330,Under Specified,Attendance rules may be relaxed under genuine circumstances.,"{'attendance': 1, 'rules': 1, 'may': 1, 'be': 1, 'relaxed': 1, 'under': 1, 'genuine': 1, 'circumstances': 1}"
331,Under Specified,The committee may reconsider the matter if required.,"{'the': 2, 'committee': 1, 'may': 1, 'reconsider': 1, 'matter': 1, 'if': 1, 'required': 1}"
332,Under Specified,Additional credit may be given at the discretion of faculty.,"{'additional': 1, 'credit': 1, 'may': 1, 'be': 1, 'given': 1, 'at': 1, 'the': 1, 'discretion': 1, 'of': 1, 'faculty': 1}"
333,Under Specified,Permission for leave will be decided case by case.,"{'permission': 1, 'for': 1, 'leave': 1, 'will': 1, 'be': 1, 'decided': 1, 'case': 2, 'by': 1}"
334,Under Specified,Library hours may change depending on availability.,"{'library': 1, 'hours': 1, 'may': 1, 'change': 1, 'depending': 1, 'on': 1, 'availability': 1}"
335,Under Specified,Supplementary exams may be conducted if necessary.,"{'supplementary': 1, 'exams': 1, 'may': 1, 'be': 1, 'conducted': 1, 'if': 1, 'necessary': 1}"
336,Under Specified,Guidelines will be updated as and when needed.,"{'guidelines': 1, 'will': 1, 'be': 1, 'updated': 1, 'as': 1, 'and': 1, 'when': 1, 'needed': 1}"